{
  "conv1_multipliers": [
    4017,
    4795,
    3129,
    4035,
    6684,
    3573,
    5972,
    3798
  ],
  "conv2_multipliers": [
    7701,
    2957,
    8188,
    7983,
    8874,
    8463,
    8018,
    6432,
    8106,
    7457,
    8597,
    3156,
    7246,
    3017,
    8447,
    3771
  ],
  "dense_multipliers": [
    3153,
    2605
  ],
  "input_scale": 0.003921568859368563,
  "input_zp": -128,
  "dense_output_scale": 0.05621922388672829
}